rider_id,capacity,location_lat,location_lon
1,20,26.966813900793984,80.79708472737623
2,20,26.921391707342522,80.7678530217708
3,20,27.087906249063128,81.05901733173424
4,20,26.992497599348603,80.74537854898217
5,20,27.03833222335785,81.17014527443456
6,20,26.688963163622777,81.11805718132696
7,20,26.618884494332416,80.80887569971001
8,20,27.002911883599378,81.04062716880988
9,20,27.040579275309067,81.04327086934097
10,20,27.163638445140453,80.57424918556187
